id,product_name,title_variant_1,title_variant_2,title_variant_3
1,Rack End Mazda E2000,Rack End Mazda E2000 1988-2002 M14x1.5 185mm Steel Alloy OEM Rubber Boot - Steering Komponen,Rack End Steering Mazda E2000 88-02 Thread M14x1.5 Length 185mm Include Rubber Boot OEM,Spare Part Rack End Mazda E2000 1988 1989 1990 2002 Steel Alloy M14x1.5 185mm Steering
2,Tie Rod End Timor S515,Tie Rod End Timor S515 1996-2007 M12x1.25 Federal Mogul OEM Quality Rubber Boot Steering,Tie Rod End Federal Mogul Timor S515 96-07 Thread M12x1.25 Include Rubber Boot - Steering,Spare Part Tie Rod End Timor S515 1996 1997 2007 Steel Alloy M12x1.25 OEM Steering Komponen
3,Ball Joint Mazda MR90/Vantren,Ball Joint Asahi Mazda MR90 Vantren 1992-1998 Pin 18mm Lower Arm Include Castle Nut Cotter,Ball Joint Lower Arm Asahi Mazda MR90 Vantren 92-98 Pin Diameter 18mm Steel Alloy Rubber Boot,Spare Part Ball Joint Mazda MR90 Vantren 1992 1998 Asahi Pin 18mm Cotter Pin Castle Nut
4,As Kopling L300,As Kopling Clutch Mitsuda L300 1987-2024 Spline 14T 220mm Compatible Disc 200mm Heat Treatment,Kopling Set As Clutch Mitsubishi L300 87-24 Mitsuda Spline 14T Length 220mm Disc 200mm Steel,As Kopling L300 1987 1988 2024 Mitsuda Spline 14T 220mm Steel Alloy Heat Treatment Clutch Kit
5,Tie Rod End Mitsubishi Lancer Dangan 1988 Up,Tie Rod End Mitsubishi Lancer Dangan 1988-1996 M14x1.5 Steel Alloy Rubber Boot OEM Steering,Tie Rod End Lancer Dangan 88-96 Thread M14x1.5 Left Right Available Steel Alloy Rubber Boot,Spare Part Tie Rod End Mitsubishi Lancer Dangan 1988 1996 M14x1.5 Steering Komponen OEM
6,Packing Cylinder Head Graphite Mitsubishi Galant Eterna SOHC G63B,Packing Head Gasket Graphite Mitsubishi Galant Eterna G63B SOHC 88-93 1.2mm Include Valve Seal,Cylinder Head Gasket Graphite Galant Eterna SOHC G63B 1988-1993 Thickness 1.2mm Valve Seal,Packing Cylinder Head Graphite Mitsubishi Galant Eterna G63B 1988 1993 1.2mm Steel Aluminium
7,Packing Cylinder Head Graphite Panther 2500cc,Packing Head Gasket Graphite Isuzu Panther 2500cc Diesel 1991-2000 1.2mm High Temp Resistant,Cylinder Head Gasket Graphite Panther 2.5L Diesel 91-00 Thickness 1.2mm Steel Aluminium OEM,Packing Cylinder Head Graphite Isuzu Panther 2500cc 1991 2000 1.2mm Graphite Composite Diesel
8,Pulley Water Pump Hino Dutro,Pulley Water Pump Hino Dutro 130 300 2002-2024 Cast Iron Belt 2PK Bore 25mm Cooling System,Water Pump Pulley Hino Dutro 02-24 Cast Iron 2PK Bore Diameter 25mm Heavy Duty Cooling Komponen,Pulley Water Pump Cast Iron Hino Dutro 130/300 2002 2024 Belt Groove 2PK 25mm Sistem Pendingin
9,Pulley Alternator Innova Diesel,Pulley Alternator Toyota Innova Diesel 2KD-FTV 2004-2015 Belt 5PK Bore 17mm Aluminium Alloy,Alternator Pulley Innova Diesel 04-15 2KD-FTV 5PK Bore 17mm Aluminium Alloy Engine Komponen,Pulley Alternator 5PK Toyota Innova Diesel 2004 2015 2KD-FTV Bore Diameter 17mm Aluminium
10,Tie Rod End Daihatsu Zebra Fan,Tie Rod End Daihatsu Zebra Fan 1986-2007 M12x1.25 Steel Alloy Rubber Boot Left Right OEM,Tie Rod End Zebra Fan 86-07 Thread M12x1.25 Include Rubber Boot Steel Alloy Steering Komponen,Spare Part Tie Rod End Daihatsu Zebra Fan 1986 2007 M12x1.25 Rubber Boot Steering OEM
11,Diaphragm Assy Mitsubishi Canter,Diaphragm Assy Clutch Mitsubishi Canter PS110 PS120 94-05 Spring 450kg 9-Spring Push Type OEM,Diaphragm Clutch Assy Canter PS110/PS120 1994-2005 9-Spring Push Type 450kg Steel Komponen,Kopling Diaphragm Assy Mitsubishi Canter PS110 PS120 1994 2005 Spring Pressure 450kg Push Type
12,Armature Mitsubishi Ganjo ME701446,Armature Starter Motor Mitsubishi Fuso Ganjo ME701446 Copper Windings OEM Engine Komponen,Armature Starter ME701446 Mitsubishi Fuso Ganjo Copper Windings OEM Part Number Starter Motor,Spare Part Armature Mitsubishi Fuso Ganjo ME701446 Starter Motor Copper Windings OEM Quality
13,Packing Cylinder Head Graphite Panther 2300cc,Packing Head Gasket Graphite Isuzu Panther 2300cc Diesel 1991-2000 1.2mm High Temp Resistant,Cylinder Head Gasket Graphite Panther 2.3L Diesel 91-00 Thickness 1.2mm Steel Aluminium OEM,Packing Cylinder Head Graphite Isuzu Panther 2300cc 1991 2000 1.2mm Graphite Composite Diesel
14,Selenoid Switch Starter Isuzu NKR71 24V,Selenoid Switch Starter Isuzu NKR71 Elf 24V 1993-2005 Pull-in 12A DC OEM Specification Komponen,Solenoid Starter 24V Isuzu NKR71 Elf 93-05 Pull-in Coil 12A DC OEM Starter Motor Komponen,Selenoid Switch 24V DC Isuzu NKR71 Elf 1993 2005 Pull-in 12A Starter Motor Diesel Komponen
15,Selenoid Switch Starter Isuzu Giga FTR240 24V,Selenoid Switch Starter Isuzu Giga FTR240 24V 2004-2024 Heavy Duty 4HF1 4HG1 Starter Komponen,Solenoid Starter 24V Isuzu Giga FTR240 04-24 Heavy Duty Compatible 4HF1/4HG1 DC OEM Komponen,Selenoid Switch 24V DC Isuzu Giga FTR240 2004 2024 Heavy Duty Starter Motor 4HF1 4HG1 OEM
16,Brake Master Assy NMR71,Brake Master Silinder Isuzu NMR71 Elf 2008-2024 Bore 22.2mm Cast Alum Include Reservoir Direct,Master Silinder Rem NMR71 Isuzu Elf 08-24 Bore 22.2mm Cast Aluminium Include Reservoir Tank,Brake Master Assy Isuzu NMR71 Elf 2008 2024 Bore Diameter 22.2mm Aluminium Direct Fit Rem
17,Brake Master Assy Suzuki Carry ST100,Brake Master Silinder Suzuki Carry ST100 1983-1995 Bore 19mm Cast Alum Include Reservoir Direct,Master Silinder Rem Carry ST100 Suzuki 83-95 Bore 19mm Cast Aluminium Include Reservoir Tank,Brake Master Assy Suzuki Carry ST100 1983 1995 Bore Diameter 19mm Aluminium Direct Fit Rem
18,Brake Master Assy Suzuki Carry Extra,Brake Master Silinder Suzuki Carry Extra 1995-2010 Bore 20.6mm Cast Alum Include Reservoir,Master Silinder Rem Carry Extra Suzuki 95-10 Bore 20.6mm Cast Aluminium Include Reservoir Tank,Brake Master Assy Suzuki Carry Extra 1995 2010 Bore Diameter 20.6mm Aluminium Direct Fit Rem
19,Sedimeter Isuzu NMR81,Sedimeter Fuel Filter Isuzu NMR81 Elf 2010-2024 Filter 10 Micron Include O-Ring Seal Diesel,Sedimeter Isuzu NMR81 Elf 10-24 Filter Element 10 Micron Include O-Ring Seals Engine Komponen,Filter Sedimeter Isuzu NMR81 Elf 2010 2024 10 Micron O-Ring Seals Diesel Engine Komponen OEM
20,Brake Master Assy Dyna BU30,Brake Master Silinder Toyota Dyna BU30 BU32 1995-2004 Bore 25.4mm Cast Alum Include Reservoir,Master Silinder Rem Dyna BU30/BU32 Toyota 95-04 Bore 25.4mm Cast Aluminium Include Reservoir,Brake Master Assy Toyota Dyna BU30 BU32 1995 2004 Bore Diameter 25.4mm Aluminium Direct Fit
21,Tie Rod End Isuzu TLD56,Tie Rod End Isuzu TLD56 Elf 1995-2005 M16x1.5 Heavy Duty Steel Alloy Rubber Boot Steering,Tie Rod End Heavy Duty Isuzu Elf TLD56 95-05 Thread M16x1.5 Include Rubber Boot Steel Alloy,Spare Part Tie Rod End Isuzu TLD56 Elf 1995 2005 M16x1.5 Heavy Duty Steering Komponen OEM
22,Tie Rod End Mitsubishi PS100,Tie Rod End Mitsubishi PS100 Canter 1990-1998 M16x1.5 Heavy Duty Truck Grade Rubber Boot OEM,Tie Rod End Heavy Duty Mitsubishi Canter PS100 90-98 M16x1.5 Rubber Boot Steel Alloy Steering,Spare Part Tie Rod End Mitsubishi PS100 Canter 1990 1998 M16x1.5 Heavy Duty Truck Steering
23,Brake Master Assy Suzuki ST20,Brake Master Silinder Suzuki Carry ST20 1995-2010 Bore 19mm Cast Alum Include Reservoir Direct,Master Silinder Rem Carry ST20 Suzuki 95-10 Bore 19mm Cast Aluminium Include Reservoir Tank,Brake Master Assy Suzuki Carry ST20 1995 2010 Bore Diameter 19mm Aluminium Direct Fit Rem
24,Hanger Spring Mitsubishi PS120 MC114412,Hanger Spring Mitsubishi PS120 Fuso Canter 94-05 MC114412 Rubber Bushing Included Suspension,Hanger Spring Suspension PS120 Fuso Canter 1994-2005 OEM MC114412 Steel Rubber Bushing Komponen,Spare Part Hanger Spring Mitsubishi PS120 Canter 1994 2005 MC114412 Rubber Bushing Suspension
25,Shuckle Spring Front PS120,Shackle Spring Front PS120 Mitsubishi Fuso Canter 1994-2005 Leaf Spring Heavy Duty U-Bolt Set,Shackle Spring Depan PS120 Fuso Canter 94-05 Leaf Spring Type Include U-Bolt Set Heavy Duty,Spare Part Shackle Spring Front PS120 Mitsubishi Canter 1994 2005 U-Bolt Set Suspension Komponen
26,Timing Belt Trooper Diesel 4JB1 Turbo,Timing Belt Isuzu Trooper 4JB1-T Turbo Diesel 1988-1991 127 Teeth 25mm HTD Profile OEM Quality,Timing Belt 4JB1-T Trooper Diesel 88-91 127 Teeth Width 25mm HTD High Torque Drive OEM Komponen,Belt Timing Isuzu Trooper 4JB1 Turbo 1988 1991 127 Gigi 25mm HTD Profile Diesel Engine Komponen
27,Repair Kit Air Master Isuzu Giga FRR,Repair Kit Air Master Isuzu Giga FRR 2004-2024 Include Diaphragm Springs Seals Braking Komponen,Kit Repair Air Master Giga FRR Isuzu 04-24 Diaphragm Springs Seals Repair Manual Brake System,Repair Kit Air Master Assy Isuzu Giga FRR 2004 2024 Diaphragm Spring Seal Kit Rem Komponen
28,Kit Valve Governor H07C Hino,Kit Valve Governor Hino H07C Ranger FG210 FG220 1988-1998 Include Valve Spring Diaphragm Gasket,Valve Governor Kit Hino H07C Ranger FG210/FG220 88-98 Valve Spring Diaphragm Gasket Set OEM,Kit Valve Governor H07C Hino Ranger FG210 FG220 1988 1998 Spring Diaphragm Gasket Engine Komponen
29,Bushing Kingpin Isuzu NKR71 66,Bushing Kingpin Isuzu NKR71 NKR66 Elf 1993-2010 Set 4pcs Bronze Alloy Oil Groove Steering Komponen,Kingpin Bushing Isuzu Elf NKR71/66 93-10 Set 4 Pcs Bronze Alloy Oil Groove Design Steering,Spare Part Bushing Kingpin Isuzu NKR71 NKR66 1993 2010 Bronze 4pcs Oil Groove Steering Komponen
