id,product_name,description,seo_keywords
1,Rack End Mazda E2000,"Steering rack end untuk Mazda E2000 tahun 1988-2002, komponen kritis di sistem kemudi yang sering diabaikan sampai setir mulai terasa longgar. Bagian ini menghubungkan steering rack ke tie rod, jadi kalau sudah oblak, setir nggak presisi lagi — bahaya banget buat kendaraan niaga yang tiap hari jalan jauh. Materialnya steel alloy yang kuat menahan beban berat, dilengkapi rubber boot untuk melindungi joint dari debu dan air. Spesifikasi thread M14x1.5 dengan panjang 185mm, tinggal drop-in tanpa modifikasi. Bobot 1.2kg termasuk rubber boot yang sudah include di paket. Cocok untuk Mazda E2000 yang dipakai angkutan penumpang, mobil travel, atau kendaraan operasional. Kalau gejalanya setir bergetir di kecepatan tinggi atau ada bunyi clunking saat belok, kemungkinan besar rack end ini sudah minta ganti. Pemasangan butuh spooring ulang setelahnya supaya toe angle balik ke spek pabrikan. Umur pakai rack end tergantung kondisi jalan — kalau sering lewat jalan rusak, bisa lebih cepat aus. OEM quality, presisi tinggi, cocok untuk bengkel yang mau stok parts E2000 karena unit ini masih banyak beroperasi di Indonesia.","rack end Mazda E2000, steering rack end E2000, rack end M14x1.5, spare part kemudi Mazda E2000, rack end OEM Mazda, komponen steering Mazda E2000 1988, rack end steel alloy, rack end 185mm, suku cadang Mazda E2000, pengganti rack end E2000"
2,Tie Rod End Timor S515,"Ini tie rod end merk Federal Mogul buat Timor S515, tahun produksi 1996 sampai 2007. Federal Mogul itu brand yang udah terkenal di dunia otomotif, jadi soal presisi dan durabilitas nggak perlu diragukan lagi. Fungsi tie rod end ini menghubungkan tie rod ke steering knuckle — dia yang nge-translate gerakan putar setir jadi gerakan roda. Thread-nya M12x1.25, artinya ini ukuran spesifik untuk platform Timor yang basisnya memang pakai standar Mazda/Ford. Kalau kamu ngerasain setir mulai nggak center, atau mobil oleng ke kiri-kanan saat jalan lurus, cek dulu tie rod end ini. Material steel alloy dengan rubber boot untuk proteksi dari kontaminasi. Bobot 1.2 kg, solid dan padat. Untuk Timor S515 yang masih jadi andalan banyak supir taksi dan kendaraan operasional di kota-kota besar, komponen ini wajib dipantau kondisinya. Ganti tie rod end nggak ribet, tapi wajib spooring setelah pasang. Kalau nggak dispooring, ban bisa habis nggak rata dalam hitungan bulan. OEM quality dari Federal Mogul bikin parts ini awet dipakai di medan perkotaan maupun luar kota.","tie rod end Timor S515, tie rod end Federal Mogul, spare part kemudi Timor, tie rod end M12x1.25, komponen steering Timor S515, tie rod end OEM Timor, suku cadang Timor S515 1996, tie rod end steel alloy, pengganti tie rod Timor, tie rod end rubber boot"
3,Ball Joint Mazda MR90/Vantren,"Ball joint lower arm dari Asahi untuk Mazda MR90 dan Vantren, produksi tahun 1992-1998. Asahi ini salah satu aftermarket brand yang reputasinya diakui di kalangan mekanik karena presisi casting-nya. Ball joint ini dipasang di lower arm, jadi dia yang nahan beban vertikal roda sekaligus ngasih titik pivot untuk gerakan kemudi. Pin diameter 18mm, solid dan tahan terhadap tekanan lateral. Satu set sudah include cotter pin dan castle nut, jadi nggak perlu beli terpisah — tinggal pasang. Material steel alloy dengan rubber boot yang melindungi ball joint dari kotoran. Mazda MR90 dan Vantren ini populasi unitnya masih banyak di daerah, terutama buat angkutan pedesaan dan kendaraan niaga ringan. Gejala ball joint aus: bunyi mentok saat lewat polisi tidur, setir terasa wandering, atau ban aus nggak simetris. Kalau dibiarkan, ball joint yang sudah rusak bisa bikin roda mendadak ambles — ini bahaya banget. Bobot 1.2 kg, build quality solid. Penggantian butuh ball joint press tool atau palu besar, dan wajib spooring setelahnya. Asahi memberikan keseimbangan antara harga dan kualitas yang cocok untuk pengguna harian.","ball joint Mazda MR90, ball joint Vantren, ball joint lower arm Asahi, spare part Mazda MR90, ball joint pin 18mm, komponen kaki-kaki Mazda, ball joint MR90 Vantren 1992, ball joint steel alloy, suku cadang Vantren, ball joint Asahi OEM"
4,As Kopling L300,"As kopling Mitsubishi L300 dari Mitsuda ini adalah komponen transmisi yang vital — tanpa as kopling yang sehat, perpindahan gigi nggak akan pernah mulus. Bicara soal Mitsubishi L300, ini mobil yang umurnya sudah puluhan tahun tapi masih jadi tulang punggung logistik di seluruh Indonesia. Dari tahun 1987 sampai 2024, L300 terus diproduksi dengan platform yang relatif sama, jadi as kopling ini kompatibel di rentang yang sangat luas. Spline 14T, panjang 220mm — pastikan ukuran ini sesuai sebelum beli karena ada beberapa varian L300 dengan spek berbeda. Kompatibel dengan disc clutch 200mm. Material steel alloy dengan proses heat treatment yang bikin permukaannya keras tapi inti tetap tough, jadi nggak gampang patah under torsional stress. Bobot 2.5 kg, cukup berat karena memang dirancang untuk menahan torsi mesin diesel yang besar. Kalau gejalanya kopling selip, pedal kopling terasa berat nggak wajar, atau ada bunyi saat injak kopling, cek dulu kondisi as koplingnya. Ganti as kopling L300 butuh turun transmisi, jadi sekalian ganti release bearing dan pilot bearing kalau memang sudah waktunya. Mitsuda sebagai brand aftermarket sudah terbukti di segmen kendaraan komersial.","as kopling L300, as kopling Mitsuda, clutch shaft L300, spare part transmisi L300, as kopling spline 14T, komponen kopling Mitsubishi L300, as kopling 220mm, disc clutch 200mm L300, as kopling steel alloy, suku cadang transmisi L300"
5,Tie Rod End Mitsubishi Lancer Dangan 1988 Up,"Punya Mitsubishi Lancer Dangan tahun 1988-1996 dan mulai merasakan setir nggak responsif? Kemungkinan besar tie rod end-nya sudah waktunya diganti. Produk ini dari Mitsubishi sendiri — genuine parts, bukan aftermarket — jadi fit dan finish-nya persis seperti yang dirancang engineer Mitsubishi. Thread M14x1.5, tersedia untuk sisi kiri dan kanan. Steel alloy construction dengan rubber boot yang elastis tapi tahan lama. Bobot 1.2 kg per piece. Lancer Dangan memang bukan truk, tapi ini mobil yang banyak dipakai untuk operasional bisnis ringan — sales, kurir, hingga taksi online. Sistem kemudi yang presisi itu krusial untuk keselamatan, apalagi kalau kamu ngebut di tol tiap hari. Tie rod end yang aus bikin toe angle berubah, efeknya ban depan habis nggak rata dan setir bergetar di kecepatan 80-100 km/jam. Pemasangan cukup lepas baut castle nut, copot tie rod end lama, pasang yang baru, kencangkan sesuai torque spec, lalu spooring. Satu hal yang sering dilupakan: cek juga kondisi boot pada tie rod end sisi satunya. Kalau boot robek tapi joint belum oblak, segera ganti boot sebelum air masuk dan bikin bearing cepat rusak.","tie rod end Lancer Dangan, tie rod end Mitsubishi Lancer 1988, spare part kemudi Lancer Dangan, tie rod end M14x1.5, tie rod end genuine Mitsubishi, komponen steering Lancer, tie rod end kiri kanan Lancer, suku cadang Mitsubishi Lancer Dangan, tie rod end steel alloy, pengganti tie rod Lancer"
6,Packing Cylinder Head Graphite Mitsubishi Galant Eterna SOHC G63B,"Packing cylinder head graphite untuk Mitsubishi Galant Eterna bermesin SOHC G63B, tahun 1988-1993. Kenapa harus graphite? Karena gasket material graphite composite punya thermal conductivity yang lebih baik dibanding gasket konvensional, plus mampu menahan temperatur tinggi di ruang bakar tanpa cepat degrade. Ketebalan 1.2mm — ini penting karena berpengaruh ke compression ratio. Kalau tebalnya beda dari spek, rasio kompresi berubah dan performa mesin bisa drop. Material kombinasi graphite, steel, dan aluminium layer yang dirancang untuk sealing optimal antara block dan head. Sudah include valve seals, jadi sekalian ganti valve stem seal kalau memang sudah waktunya turun head. Galant Eterna dengan mesin G63B ini punya masalah klasik: overheating kalau sistem pendingin nggak dirawat, dan overheating berulang bikin head gasket bocor. Gejalanya: oli bercampur air radiator (terlihat seperti susu coklat di dipstick), atau ada gelembung di reservoir tank saat mesin idle. Kalau sudah begini, wajib ganti packing cylinder head. Sebelum pasang, pastikan permukaan block dan head sudah di-surface/facing supaya flat dan nggak ada warping. Bobot 0.8 kg, gampang di-handle.","packing cylinder head Galant Eterna, gasket head graphite G63B, packing head Mitsubishi Galant, cylinder head gasket SOHC G63B, gasket graphite composite, spare part mesin Galant Eterna 1988, packing head 1.2mm, valve seal G63B, suku cadang Galant Eterna, gasket head Mitsubishi"
7,Packing Cylinder Head Graphite Panther 2500cc,"Mesin Isuzu Panther 2500cc itu workhorse sejati — diesel, bandel, dan tahan banting. Tapi head gasket tetap punya umur pakai, terutama kalau mesin sering overheat atau coolant jarang diganti. Packing cylinder head graphite ini spesifik untuk Panther 2500cc tahun 1991-2000, ketebalan 1.2mm, material graphite composite berlapis steel dan aluminium. Beda dengan gasket kertas biasa, graphite composite tahan terhadap temperatur tinggi yang dihasilkan mesin diesel tanpa mengeras atau retak seiring waktu. Proses pemasangan: lepas intake manifold, exhaust manifold, dan semua koneksi di head — lalu angkat head, bersihkan surface dari sisa gasket lama pakai scraper yang nggak bikin scratch. Pasang gasket baru, torqued head bolt dengan pola dari tengah ke luar sesuai service manual Panther. Kalau Panther kamu mulai kehilangan tenaga, coolant berkurang terus tanpa kebocoran visible, atau ada white smoke dari knalpot — itu gejala head gasket mulai bocor. Jangan tunda ganti karena kalau dibiarkan, coolant bisa masuk ke silinder dan bikin hydrolock. Bobot 0.8 kg. Untuk Panther 2500cc yang jadi andalan travel dan logistik antar kota, jaga terus kondisi mesinnya.","packing cylinder head Panther 2500cc, gasket head graphite Isuzu Panther, packing head Panther diesel, cylinder head gasket Panther 1991, gasket graphite composite Panther, spare part mesin Panther, gasket head 1.2mm Panther, suku cadang Isuzu Panther 2500, head gasket Panther diesel, packing graphite Panther"
8,Pulley Water Pump Hino Dutro,"Sistem pendingin truk Hino Dutro itu dirancang untuk kerja berat — mengangkut muatan penuh di tanjakan, idle berjam-jam di tempat bongkar muat, atau jalan di cuaca tropis yang panas. Water pump pulley adalah komponen yang menghubungkan water pump ke drive belt, jadi kalau pulley ini rusak atau pecah, air coolant nggak bersirkulasi dan mesin overheat dalam hitungan menit. Produk ini untuk Hino Dutro 130/300 series, tahun 2002-2024. Material cast iron yang tahan terhadap korosi dan keausan. Belt groove 2PK — artinya pakai belt dengan 2 rib, jadi pastikan belt yang kamu pakai sesuai. Bore diameter 25mm, tinggal press-fit ke shaft water pump. Bobot 1.5 kg, solid casting tanpa porositas. Ciri-ciri pulley water pump yang sudah waktunya ganti: ada retak di area groove, bunyi whining dari area mesin depan saat engine running, atau coolant bocor dari area water pump. Pemasangan relatif mudah untuk mekanik yang biasa handle truk — lepas fan belt, copot pulley lama (biasanya ada 4 baut), pasang yang baru, kencangkan sesuai spec, pasang belt baru. Untuk armada Hino Dutro yang jadi tulang punggung logistik, water pump pulley adalah parts yang wajib di-stok.","pulley water pump Hino Dutro, water pump pulley Dutro 130, pulley cast iron Hino, spare part pendingin Hino Dutro, pulley belt 2PK Hino, komponen cooling system Dutro 300, water pump pulley 25mm, suku cadang Hino Dutro 2002, pulley aluminium Hino, water pump pulley truk"
9,Pulley Alternator Innova Diesel,"Toyota Innova Diesel dengan mesin 2KD-FTV (2004-2015) pakai sistem belt drive yang cukup kompleks — ada AC compressor, power steering, dan tentu saja alternator. Pulley alternator ini menghubungkan alternator ke belt system, memastikan charging system bekerja optimal. Material aluminium alloy, lebih ringan dari cast iron tapi tetap punya strength yang cukup untuk menahan belt tension. Belt groove 5PK, bore diameter 17mm. Kenapa ganti pulley alternator? Dua alasan utama: pertama, pulley aus atau getas bikin belt slip — efeknya aki nggak ngecas dan voltage drop, lampu redup, AC lemah. Kedua, pulley retak atau pecah — ini lebih parah karena belt bisa lepas total dan semua aksesori berhenti kerja. Innova Diesel yang dipakai buat operasional fleet (travel, rental, logistik ringan) sering kali running berjam-jam setiap hari, jadi pulley alternator lebih cepat aus dibanding penggunaan pribadi. Bobot 0.8 kg, pemasangan tinggal lepas belt, kendorin baut tensioner, copot pulley lama dari alternator, press pasang yang baru. Cek juga kondisi bearing alternator saat sekalian bongkar — kalau bearing sudah kasar, sekalian overhaul alternator. Aluminium alloy bikin pulley ini anti karat meskipun sering terkena cipratan air dari jalan.","pulley alternator Innova Diesel, alternator pulley 2KD-FTV, pulley aluminium Innova, spare part alternator Innova Diesel, pulley belt 5PK Innova, komponen charging Innova Diesel, pulley alternator 17mm, suku cadang Toyota Innova 2004, pulley alternator aluminium alloy, alternator Innova Diesel 2KD"
10,Tie Rod End Daihatsu Zebra Fan,"Daihatsu Zebra Fan, produksi 1986-2007 — ini kendaraan yang jadi legenda di segmen niaga ringan Indonesia. Dari angkot sampai mobil box kecil, Zebra Fan ada di mana-mana. Sistem kemudinya pakai tie rod end ukuran M12x1.25, dan produk ini dilengkapi rubber boot serta tersedia untuk sisi kiri dan kanan. Steel alloy yang dipakai cukup tangguh untuk kendaraan yang sering muat berat dan jalan di kondisi jalan bervariasi. Satu hal yang bikin tie rod end Zebra Fan cepat rusak: kebiasaan supir yang suka nabrak lubang tanpa mengurangi kecepatan. Impact dari lubang itu ditransfer langsung ke tie rod joint, lama-lama bearing di dalamnya oblak. Gejala yang perlu diwaspadai: setir terasa ringan di satu sisi tapi berat di sisi lain, bunyi klotak-klotak saat putar setir penuh, atau ban depan aus di bagian dalam tapi bagian luar masih tebal. Bobot 1.2 kg, solid build. Pemasangan: lepas castle nut, pakai tie rod separator untuk melepaskan ball stud dari knuckle, hitung jumlah putaran saat melepas tie rod end lama supaya toe setting nggak terlalu jauh berubah, pasang yang baru dengan jumlah putaran yang sama, kencangkan, dan sesegera mungkin bawa ke spooring. Harga terjangkau tapi fungsinya krusial — nggak ada alasan untuk menunda penggantian.","tie rod end Zebra Fan, tie rod end Daihatsu Zebra, spare part kemudi Zebra Fan, tie rod end M12x1.25, komponen steering Daihatsu Zebra, tie rod end Zebra Fan 1986, suku cadang Daihatsu Zebra Fan, tie rod end steel alloy, tie rod end rubber boot, pengganti tie rod Zebra"
11,Diaphragm Assy Mitsubishi Canter,"Diaphragm clutch untuk Mitsubishi Canter PS110 dan PS120 tahun produksi 1994 sampai 2005. Komponen ini berfungsi sebagai penggerak mekanisme kopling push type yang mengatur koneksi antara mesin dan transmisi. Material utama terdiri dari graphite composite untuk permukaan gesek, diperkuat frame baja, dan dudukan aluminium. Desain 9-spring dengan tekanan pegas 450 kg menghasilkan gaya clamp yang konsisten untuk truk Canter yang sering mengangkut beban berat di rute Jawa-Sumatra. Ketika diaphragm mulai aus, gejalanya kopling terasa berat saat diinjak atau terjadi slip saat tanjakan berat dengan muatan penuh. Spesifikasi push type memastikan engagement lebih halus dibanding tipe pull, cocok untuk operasional harian dengan kondisi stop-and-go di perkotaan maupun rute antar kota. Berat unit 0.8 kg, drop-in replacement tanpa modifikasi apapun ke dudukan kopling original. Untuk fleet yang menjalankan Canter PS series, ganti diaphragm setiap 80.000-100.000 km atau saat mulai ada tanda slip. Pemasangan sebaiknya bersamaan dengan bearing release dan pilot bearing untuk hasil optimal dan menghindari bongkar pasang dua kali. Pastikan juga flywheel surface diperiksa — kalau sudah ada hot spot atau goresan dalam, sebaiknya di-resurface sebelum pasang diaphragm baru.","diaphragm assy mitsubishi canter, kopling canter PS110, kopling canter PS120, diaphragm clutch canter, spare part canter 1994, kopling push type canter, diaphragm 9 spring canter, clutch kit canter, onderdil kopling canter, mitsubishi canter kopling"
12,Armature Mitsubishi Ganjo ME701446,"Armature untuk starter motor Mitsubishi Fuso Ganjo dengan nomor OEM ME701446. Bagi yang belum familiar, armature adalah komponen berputar di dalam starter motor yang menghasilkan torsi awal untuk menghidupkan mesin diesel berkapasitas besar. Tanpa armature yang berfungsi baik, mesin diesel tidak akan bisa distarter sama sekali. Lilitan kawat tembaga pada armature ini diproduksi sesuai standar pabrikan Mitsubishi, menjamin konduktivitas listrik yang optimal dan ketahanan terhadap panas tinggi saat starter bekerja berat di cuaca tropis Indonesia. Kompatibel penuh dengan housing starter Ganjo original tanpa perlu machining atau penyesuaian. Tanda armature sudah rusak: starter berbunyi dengung tapi mesin tidak mau hidup, atau starter mati total meskipun aki dalam kondisi full charge. Di lapangan, armature yang lilitannya sudah short atau open circuit biasanya karena tegangan aki yang tidak stabil atau starter dipaksa hidupkan mesin terlalu lama saat cuaca dingin. Berat unit 0.8 kg, pemasangan plug-and-play di housing starter asli. Sebelum mengganti, cek dulu kondisi brush dan commutator — kadang masalah bukan di armature melainkan brush yang sudah pendek. Jika commutator sudah tergores dalam, armature baru memang solusi tepat sekaligus ganti brush set baru.","armature mitsubishi ganjo, starter motor ganjo, armature starter ME701446, lilitan armature ganjo, spare part starter mitsubishi fuso, armature tembaga ganjo, komponen starter ganjo, onderdil starter mitsubishi, armature OEM ganjo, starter mitsubishi fuso ganjo"
13,Packing Cylinder Head Graphite Panther 2300cc,"Gasket cylinder head graphite untuk Isuzu Panther mesin 2300cc produksi 1991 sampai 2000. Jangan remehkan komponen ini — fungsinya menyegel celah antara blok silinder dan head silinder supaya oli, coolant, dan gas pembakaran tidak saling merembes. Kalau paking ini bocor, akibatnya bisa fatal: oli bercampur air radiator membentuk emulsi coklat susu, tenaga mesin turun drastis, sampai mesin overheat. Ketebalan 1.2 mm menjaga rasio kompresi tetap sesuai spek pabrikan setelah head di-facing. Material graphite composite dengan penguat plat baja dan lapisan aluminium di titik-titik kritis mampu menahan tekanan dan suhu tinggi di ruang bakar Panther diesel. Panther 2300cc dikenal mesin tangguh dan irit solar, tapi head gasket bisa bocor kalau sistem pendingin jarang dirawat atau thermostat tidak berfungsi. Gejala head gasket bercampur: oli berwarna kecoklatan, gelembung udara di tutup radiator saat mesin hidup, atau knalpot keluar asap putih terus-menerus. Saat pasang, pastikan permukaan blok dan head sudah diukur keflatannya — toleransi maksimal 0.05 mm. Torsi baut head harus berurutan dari tengah ke luar dengan nilai sesuai manual, umumnya 60-80 Nm dalam 3 tahap. Berat unit 0.8 kg. Paking ini direct fit untuk semua varian Panther 2300cc tanpa penyesuaian apapun.","packing cylinder head panther, gasket head isuzu panther 2300cc, paking silinder head panther, graphite gasket panther, head gasket panther diesel, spare part panther 2300, onderdil mesin panther, gasket panther 1991, packing head panther 2000, isuzu panther gasket"
14,Selenoid Switch Starter Isuzu NKR71 24V,"Solenoid switch untuk starter motor Isuzu NKR71 dan Elf 24V tahun 1993-2005. Komponen ini punya dua fungsi sekaligus yang sering tidak dipahami mekanik baru. Pertama, ia bekerja sebagai relay elektromagnetik besar yang menghubungkan arus dari aki langsung ke motor starter. Kedua, ia mendorong pinion gear untuk masuk ke ring gear di roda gila mesin. Tanpa solenoid, starter motor tidak akan berputar sama sekali dan pinion tidak akan mengunci ke roda gila. Tegangan operasi 24 volt DC dengan pull-in coil 12 ampere — sesuai sistem kelistrikan truk medium Isuzu yang memakai dual aki 12V diseri. Gejala solenoid rusak: saat kunci diputar ke posisi start cuma bunyi klik tanpa mesin berputar, atau starter engkol terus meskipun kunci sudah dilepas. Penyebab umum kontak point di dalam solenoid sudah terbakar karena arus inrush yang besar dari starter motor diesel. Unit ini mengikuti standar OEM, pemasangan langsung di housing starter tanpa perlu modifikasi kabel atau bracket apapun. Berat 0.8 kg. Saat mengganti, periksa juga kondisi kabel massa dari aki ke chassis dan kabel positif ke starter — sering solenoid baru cepat rusak karena kabel lama sudah korosi di ujung terminalnya sehingga arus tidak mengalir lancar.","selenoid switch starter NKR71, solenoid starter isuzu elf 24V, selenoid starter isuzu NKR71, solenoid 24V NKR71, spare part starter elf, komponen starter isuzu NKR71, solenoid switch elf 24 volt, onderdil starter isuzu, selenoid starter diesel, isuzu elf solenoid"
15,Selenoid Switch Starter Isuzu Giga FTR240 24V,"Solenoid switch heavy duty untuk starter motor Isuzu Giga FTR240 24V, produksi 2004 sampai 2024. Kompatibel dengan starter yang dipasangkan ke mesin 4HF1 dan 4HG1, dua mesin diesel andalan Isuzu untuk kelas truk berat. Truk kelas Giga membutuhkan solenoid yang sanggup menangani arus jauh lebih besar dibanding truk medium seperti Elf atau NKR — makanya unit ini dirancang dengan spesifikasi heavy duty dari segi kontak point yang lebih tebal dan lilitan tembaga yang lebih kuat. Tegangan 24V DC, cocok untuk sistem kelistrikan standar Giga yang memakai dual battery 12V diseri. Perbedaan utama dengan solenoid NKR71: ukuran fisik lebih besar, kapasitas arus lebih tinggi, dan daya tahan lebih lama karena beban kerja Giga yang lebih berat di operasional jarak jauh antar provinsi. Indikator solenoid mulai lemah: starter kadang tidak responsif di pagi hari saat mesin dingin, atau perlu beberapa kali putar kunci baru mesin hidup. Kadang juga starter berbunyi ngelos — pinion tidak bisa mengunci ke ring gear karena plunger solenoid sudah macet. Berat 0.8 kg. Untuk armada Giga yang beroperasi di rute antar provinsi, solenoid adalah spare part wajib cadangan di toolbox karena kerusakannya bisa bikin truk mogok total di tengah perjalanan.","selenoid starter isuzu Giga FTR240, solenoid switch Giga 24V, selenoid starter 4HF1, selenoid starter 4HG1, spare part starter isuzu Giga, solenoid heavy duty Giga, selenoid 24V FTR240, onderdil starter Giga, solenoid switch truk Giga, isuzu Giga FTR240 starter"
16,Brake Master Assy NMR71,"Brake master cylinder assembly untuk Isuzu NMR71 dan Elf tahun 2008 sampai 2024. Ini adalah jantung sistem rem hidrolik truk Anda — saat pedal rem diinjak, piston di dalam bore 22.2 mm menekan cairan rem dan mengirimkan tekanan ke semua wheel cylinder atau caliper di keempat roda. Bore 22.2 mm dipilih Isuzu karena menghasilkan rasio tekanan yang pas untuk truk dengan gross vehicle weight di kisaran 5-8 ton. Body terbuat dari aluminium cor yang ringan tapi tahan korosi, dengan seal rubber khusus yang tidak memuai di suhu tinggi dan kompatibel dengan minyak rem DOT 3 maupun DOT 4. Sudah termasuk reservoir tank — langsung pasang tanpa beli terpisah. Direct fit ke mounting bolt pattern NMR71 original. Kalau pedal rem terasa sponge dan harus dipompa beberapa kali baru pakem, kemungkinan besar seal internal master cylinder sudah bocor dan udara masuk ke sistem. Gejala lain yang harus diwaspadai: rem blong sesaat setelah diinjak dalam, atau fluida rem berkurang terus padahal tidak ada kebocoran di selang dan kaliper. Berat total 2 kg. Saat pemasangan baru, lakukan bleeding di semua roda mulai dari roda yang paling jauh dari master cylinder sampai yang paling dekat. Jangan lupa cek kondisi brake booster sekalian — kalau booster bocor, master cylinder baru pun bisa cepat rusak.","brake master NMR71, master silinder rem isuzu NMR71, master rem elf NMR71, brake master assy NMR71, master rem isuzu elf 2008, spare part rem NMR71, master silinder 22.2mm, onderdil rem isuzu NMR71, master rem hidrolik elf, brake master cylinder NMR71"
17,Brake Master Assy Suzuki Carry ST100,"Suzuki Carry ST100 produksi 1983-1995 adalah kendaraan niaga ringan legendaris yang masih banyak beredar di jalan Indonesia. Sistem rem ST100 memang simpel — single circuit hydraulic — tapi sangat efektif untuk bobot kendaraan yang ringan. Brake master assembly ini punya bore diameter 19 mm, menghasilkan rasio tekanan yang sesuai untuk Carry ST100 yang bobot kotor maksimalnya sekitar 1.5 ton. Material aluminium cor untuk body utama, dilengkapi seal rubber yang tahan terhadap cairan DOT 3 dan DOT 4. Reservoir tank sudah include dalam satu paket, jadi tinggal buka yang lama pasang yang baru lalu bleed rem sampai bersih. Carry ST100 banyak dipakai untuk angkutan pedagang pasar, distribusi barang ringan, sampai kendaraan operasional toko — frekuensi pengereman sangat tinggi di kondisi jalan kota yang macet. Makanya master cylinder ST100 sering aus di bagian seal internal jauh sebelum body kendaraannya rusak. Tanda-tanda master cylinder perlu diganti: pedal rem turun pelan-pelan saat ditekan terus-menerus yang disebut bleeding down, atau minyak rem bocor masuk ke brake booster melalui seal belakang yang sudah retak. Berat 2 kg, direct fit tanpa modifikasi. Tips perawatan: ganti minyak rem setiap 20.000 km supaya seal tidak aus lebih cepat karena kontaminasi air yang menyerap dari udara lembab tropis.","brake master suzuki carry ST100, master silinder rem carry ST100, master rem carry 1983, brake master assy carry ST100, spare part rem suzuki carry, master rem bore 19mm, onderdil rem carry lama, master silinder carry ST100, suzuki carry rem, brake master cylinder carry"
18,Brake Master Assy Suzuki Carry Extra,"Generasi Suzuki Carry Extra 1995-2010 mengalami peningkatan signifikan pada sistem rem dibanding pendahulunya ST100. Perubahan paling kentara ada di bore diameter yang naik menjadi 20.6 mm — beda 1.6 mm dari ST100 yang cuma 19 mm. Mungkin kedengarannya kecil, tapi dampaknya nyata pada pedal feel yang lebih responsif dan kemampuan menghentikan kendaraan yang lebih berat. Carry Extra punya bobot kotor lebih tinggi dari ST100 sehingga butuh tekanan rem yang lebih besar. Body master cylinder dari aluminium cor dengan seal rubber kualitas OEM, reservoir tank terintegrasi langsung di atas unit. Carry Extra dipakai sebagai angkutan kota, pick up distribusi, bahkan banyak dijadikan armada ojek online roda empat dan kendaraan usaha kecil menengah di berbagai kota. Kombinasi muatan berat dan pola stop-and-go di lalu lintas kota besar bikin master cylinder bekerja sangat keras setiap hari. Kalau pedal rem terasa berat tapi rem kurang pakem, masalahnya mungkin di brake booster — tapi kalau pedal justru turun terus saat ditahan, itu tanda master cylinder bocor internal. Berat unit 2 kg. Perhatian penting: Carry Extra dan Carry Futura memakai bore diameter berbeda, jadi pastikan benar-benar Carry Extra sebelum order. Direct fit ke mounting point original tanpa bracket adapter.","brake master suzuki carry extra, master silinder carry extra, master rem carry extra 1995, brake master assy carry extra, spare part rem carry extra, master rem bore 20.6mm, onderdil rem suzuki, master silinder carry extra 2010, suzuki carry extra rem, brake cylinder carry extra"
19,Sedimeter Isuzu NMR81,"Sedimeter atau fuel water separator untuk Isuzu NMR81 dan Elf produksi 2010 sampai 2024. Kalau Anda belum tahu, sedimeter adalah filter khusus yang tugasnya memisahkan air dari solar sebelum bahan bakar masuk ke sistem injeksi. Ini sangat krusial untuk mesin diesel modern common rail yang dipakai NMR81 — injector generasi baru sangat sensitif terhadap kontaminasi air. Satu tetes air yang lolos ke injector bisa merusak nozzle senilai jutaan rupiah, dan kerusakan biasanya tidak bisa diperbaiki harus ganti baru. Filter element di dalam sedimeter ini punya rating 10 micron, cukup halus untuk menyaring partikel mikro sekaligus mengikat molekul air yang tercampur dalam solar. Sudah termasuk O-ring seals untuk memastikan tidak ada kebocoran di sambungan housing. Di Indonesia kualitas solar subsidi memang tidak selalu konsisten, terutama di daerah luar Jawa di mana kadar airnya bisa lebih tinggi dari standar. Makanya sedimeter harus rajin dikuras dan filter element diganti setiap 10.000-15.000 km. Tanda filter sudah jenuh: mesin kehilangan tenaga di putaran tinggi secara tiba-tiba, atau lampu indikator water in fuel menyala di dashboard. Berat 0.8 kg. Pemasangan plug-and-play di housing sedimeter asli NMR81, cukup pakai kunci pas biasa dan lap bersih untuk bersihkan area sekitar sebelum bongkar.","sedimeter isuzu NMR81, fuel water separator NMR81, filter solar elf NMR81, sedimeter isuzu elf 2010, water separator diesel NMR81, spare part filter solar elf, sedimeter 10 micron NMR81, filter air solar isuzu, onderdil sedimeter elf, NMR81 fuel filter"
20,Brake Master Assy Dyna BU30,"Toyota Dyna BU30 dan BU32 tahun 1995-2004 adalah truk medium paling populer di Indonesia untuk distribusi, konstruksi, dan angkutan logistik. Brake master assembly yang satu ini spesial karena punya bore diameter paling besar di kelasnya yaitu 25.4 mm atau tepat 1 inch. Bore sebesar ini menghasilkan tekanan hidrolik yang sangat kuat, mampu menghentikan truk bermuatan penuh 8 ton dari kecepatan jalan raya. Ini bedanya dengan master cylinder mobil penumpang yang bore-nya cuma di kisaran 20-22 mm — Dyna membutuhkan kapasitas fluida dan tekanan yang jauh lebih besar. Body aluminium cor tahan korosi, seal rubber tahan panas dari pemanasan akibat gesekan rem berat saat turunan panjang di pegunungan. Reservoir tank langsung include dalam satu paket, tinggal pasang dan bleed. Direct fit ke semua varian Dyna BU30 dan BU32 tanpa penyesuaian apapun. Masalah paling sering ditemui di lapangan: master cylinder bocor internal setelah 3-5 tahun pemakaian karena seal yang terkena cairan rem yang sudah kotor dan mengandung partikel karet. Gejalanya rem mendadak blong saat turunan panjang — ini situasi sangat berbahaya untuk truk muatan berat. Berat 2 kg. Saran dari pengalaman: selalu cek level minyak rem di reservoir setiap pagi sebelum truk jalan. Kalau level turun terus tanpa kebocoran kelihatan di selang atau kaliper, artinya master cylinder sudah waktunya diganti sebelum terjadi kecelakaan.","brake master dyna BU30, master silinder rem toyota dyna, master rem BU30 BU32, brake master assy dyna, master rem 25.4mm dyna, spare part rem toyota dyna, master silinder dyna 1995, onderdil rem dyna BU30, brake cylinder dyna, toyota dyna master rem"
21,Tie Rod End Isuzu TLD56,"Tie rod end ini khusus dipasang di Isuzu TLD56 dan Elf produksi 1995–2005. Bagi teman-teman mekanik yang sering ketemu gejala setir oleng atau bunyi kletek-kletek di kaki-kaki depan, komponen ini biasanya jadi tersangka utama. Roda depan terasa longgar saat dikemudikan? Cek dulu bagian tie rod end sebelum ganti part lain yang lebih mahal. Spesifikasinya: thread M16×1.5 dengan bahan steel alloy yang dibungkus rubber boot untuk melindungi dari air dan debu jalan. Komponen ini menyalurkan gerakan dari steering rack ke roda depan — kalau aus, akibatnya ban depan bisa tidak sejajar (toe-in/toe-out berubah) dan ban cepat habis sebelah. Pemasangan langsung baut tanpa modifikasi, cocok untuk truk Elf yang harian di jalanan kota maupun antar-kota. Berat sekitar 1,2 kg, ringan tapi strukturnya kokoh untuk menahan beban kendaraan niaga. Ganti tie rod end secara berkala bisa menghemat biaya ganti ban yang lebih besar. Sparepart ini juga sudah termasuk rubber boot, jadi tidak perlu beli terpisah.","tie rod end Isuzu TLD56, tie rod end Elf 1995, steering Isuzu Elf, kaki-kaki Isuzu TLD56, tie rod M16x1.5, sparepart steering truk, tie rod end heavy duty, komponen setir Isuzu, tie rod steel alloy, pengganti tie rod Isuzu"
22,Tie Rod End Mitsubishi PS100,"Kalau kamu punya Mitsubishi PS100 atau Canter tahun 1990–1998 dan mulai merasakan setir bergetar di kecepatan tinggi, kemungkinan besar tie rod end sudah minta diganti. Komponen steering ini menghubungkan steering linkage dengan knuckle roda depan. Begitu aus, celah di ball joint-nya bikin roda punya gerakan sendiri yang bikin pengemudi kehilangan kontrol presisi. Materialnya steel alloy dengan rubber boot penahan air dan lumpur — penting banget karena Canter sering dipakai di proyek konstruksi yang jalannya berat. Thread M16×1.5, sama persis dengan ukuran OEM asli Mitsubishi. Kategori heavy duty truck grade artinya dirancang untuk mengangkut beban berat secara konsisten tanpa cepat rusak. Berat 1,2 kg, pemasangan drop-in tinggal lepas yang lama pasang yang baru. Tips dari bengkel: sekalian cek boot-nya, kalau boot sobek tapi ball joint belum aus, bagian dalamnya sudah kemasukan pasir dan umurnya tinggal hitungan minggu. Bagi armada truk Canter yang operasional harian, mengganti tie rod end secara preventif tiap 50.000 km bisa mencegah kerusakan lebih parah di steering system.","tie rod end Mitsubishi PS100, tie rod Canter 1990, steering Mitsubishi Canter, kaki-kaki PS100, sparepart steering truk Mitsubishi, tie rod heavy duty M16, tie rod end truck grade, komponen setir Canter, tie rod Mitsubishi PS100, steering linkage PS100"
23,Brake Master Assy Suzuki ST20,"Rem blong itu mimpi buruk setiap pengemudi. Brake master assy untuk Suzuki Carry ST20 (1995–2010) ini adalah jantung dari sistem pengereman kendaraanmu. Komponen ini mengubah tekanan kaki di pedal rem menjadi tekanan hidrolik yang didistribusikan ke keempat roda. Bore diameter 19mm memberikan rasio tekanan yang pas untuk Carry — tidak terlalu keras, tidak terlalu lunak. Material cast aluminium dengan seal rubber tahan panas, dirancang untuk kondisi stop-and-go di jalanan Indonesia yang macet. Yang bikin praktis: langsung include reservoir tank, jadi tinggal pasang dan bleeding. Direct fit tanpa perlu bracket tambahan atau modifikasi apapun. Tanda-tanda master cylinder perlu diganti: pedal rem terasa sponge (empuk terus-terusan), minyak rem berkurang padahal tidak ada kebocoran di selang atau kaliper, atau mobil mundur pelan-pelan saat pedal rem dilepas. Komponen ini beratnya 2 kg, solid dan tahan lama untuk kendaraan komersial yang sering berhenti-berjalan. Carry ST20 banyak dipakai untuk angkutan barang dalam kota, jadi sistem rem yang responsif itu wajib hukumnya.","brake master Suzuki ST20, master silinder rem Carry, brake master assy Suzuki, rem hidrolik Carry ST20, master cylinder 19mm, komponen rem Suzuki Carry, brake master cast aluminium, sparepart rem truk ringan, master rem Carry 1995, reservoir tank rem Suzuki"
24,Hanger Spring Mitsubishi PS120 MC114412,"Pernah dengar bunyi gluduk-gluduk di belakang saat truk lewat jalan rusak? Kemungkinan hanger spring-nya sudah lemah atau bushing-nya habis. Hanger spring dengan OEM part number MC114412 ini adalah bracket penghubung antara chassis dan leaf spring di Mitsubishi PS120 / Fuso Canter tahun 1994–2005. Fungsinya menahan leaf spring agar tetap di posisinya sekaligus membiarkannya bergerak fleksibel saat kendaraan melewati jalan tidak rata. Material utamanya steel spring dengan rubber bushing yang meredam getaran — kombinasi kekuatan dan kenyamanan. Tanpa hanger spring yang sehat, leaf spring bisa bergeser dan menyebabkan kendaraan miring ke satu sisi, terutama saat muatan penuh. Ini bahaya banget untuk truk yang sering bawa barang berat. Berat komponen 3,5 kg, menunjukkan ketebalan material yang cukup untuk menopang beban komersial. Pemasangan relatif mudah: lepas baut lama, bersihkan area mounting, pasang yang baru dengan torque yang sesuai. Rubber bushing sudah termasuk dalam paket, jadi tidak perlu hunting part tambahan. Cocok untuk Fuso Canter yang dipakai distribusi logistik antar kota maupun operasional proyek.","hanger spring PS120, hanger spring Fuso Canter, MC114412 Mitsubishi, bracket leaf spring Canter, suspensi belakang PS120, hanger spring rubber bushing, sparepart suspensi Fuso, hanger spring 1994-2005, komponen suspensi truk Mitsubishi, leaf spring bracket PS120"
25,Shuckle Spring Front PS120,"Untuk Mitsubishi PS120 dan Fuso Canter 1994–2005 yang mulai terasa limbung di bagian depan — shuckle spring front ini jawabannya. Leaf spring type ini memang dirancang khusus untuk menopang beban depan kendaraan niaga. Saat truk kosong maupun muatan penuh, komponen inilah yang menahan benturan dari jalan dan menjaga kestabilan kendaraan. Material steel spring dengan rubber bushing untuk peredaman getaran. Spesifikasi heavy duty, artinya bukan aftermarket abal-abal yang cuma bertahan beberapa bulan. Yang menarik: sudah include U-bolt set, jadi pemasangan lebih efisien karena semua baut pengikat sudah tersedia dalam satu paket. Berat 3,5 kg — angka yang wajar untuk leaf spring kelas truk. Gejala shuckle spring perlu diganti: roda depan terasa tidak stabil saat menikung, ada bunyi berdecit dari area kaki-kaki depan, atau terlihat retak/pecah pada plat pegas saat diperiksa visual. Karena ini bagian depan, kerusakan langsung mempengaruhi kemudi dan keamanan pengemudi. Jangan tunggu sampai patah total di jalan. Untuk armada Canter yang beroperasi di rute dengan kondisi jalan bervariasi, inspeksi suspensi depan setiap 30.000 km sangat disarankan.","shuckle spring front PS120, leaf spring Fuso Canter, suspensi depan PS120, pegas daun Mitsubishi Canter, shuckle spring heavy duty, leaf spring front truck, sparepart suspensi depan PS120, U-bolt set spring, spring depan Canter 1994, komponen kaki-kaki Fuso"
26,Timing Belt Trooper Diesel 4JB1 Turbo,"Timing belt putus di mesin diesel itu sama artinya dengan overhaul mendadak — piston bisa nabrak klep dan kerusakannya bisa jutaan. Timing belt untuk Isuzu Trooper 4JB1-T Turbo Diesel (1988–1991) ini punya 127 gigi dengan lebar 25mm dan profil HTD (High Torque Drive). Spesifikasi ini sangat kritis: jumlah gigi harus tepat 127, kalau kurang atau lebih satu saja, timing mesin bisa meleset dan performa turun drastis. Profil HTD memastikan belt tidak slip saat mesin turbo bekerja di RPM tinggi dengan torsi besar. Bahan belt-nya dari komposit karet fiber yang tahan panas dan tahan regangan — penting karena ruang mesin Trooper diesel cukup panas terutama di iklim tropis Indonesia. Kualitas OEM artinya dimensi dan kekerasannya sama dengan belt original yang keluar dari pabrik. Berat cuma 0,8 kg, tapi fungsinya sangat vital. Penggantian timing belt sebaiknya tiap 60.000–80.000 km atau 4 tahun, mana yang lebih dulu. Saat ganti belt, sekalian periksa tensioner dan water pump karena aksesnya sama. Membongkar area timing belt dua kali lebih mahal daripada sekalian ganti semua. Mesin 4JB1-T ini populer di kalangan off-roader dan pengguna Trooper tua yang masih andal.","timing belt 4JB1-T, timing belt Isuzu Trooper, belt mesin diesel turbo, timing belt 127 teeth, HTD timing belt, sparepart mesin Trooper diesel, timing belt 25mm, belt truk Isuzu diesel, pengganti timing belt 4JB1, timing belt OEM quality"
27,Repair Kit Air Master Isuzu Giga FRR,"Sistem air brake di Isuzu Giga FRR (2004–2024) menggunakan tekanan udara untuk menggerakkan rem — dan air master adalah otak dari sistem ini. Ketika rem mulai lemah atau ada kebocoran udara, repair kit ini solusinya tanpa harus ganti unit air master utuh yang harganya jauh lebih mahal. Isi paketnya lengkap: diaphragm, springs, seals, dan repair manual. Semua komponen yang biasanya aus sudah disediakan sekaligus. Material cast aluminium dengan seal rubber tahan tekanan tinggi, sesuai dengan spesifikasi rem angin truk berat. Giga FRR termasuk truk kelas medium-heavy yang banyak dipakai untuk logistik kontainer dan distribusi antar pulau, jadi keandalan sistem rem adalah mutlak. Berat 2 kg, pemasangan membutuhkan keahlian mekanik yang paham sistem pneumatik — tapi dengan repair manual yang disertakan, prosesnya jadi lebih terstruktur. Tanda air master perlu overhaul: waktu respons rem lambat, tekanan angin di gauge turun terus meski mesin hidup, atau terdengar suara udara bocor dari area master cylinder. Repair kit ini jauh lebih ekonomis dibanding unit baru, dan performanya setara asalkan pemasangannya benar. Cocok untuk workshop yang sering menerima servis Giga FRR.","repair kit air master Giga FRR, air brake Isuzu Giga, repair kit rem angin, air master repair FRR, diaphragm rem angin truk, sparepart air brake Isuzu, repair kit pneumatik, komponen rem angin FRR, overhaul air master Giga, seal air master Isuzu"
28,Kit Valve Governor H07C Hino,"Mesin Hino H07C di Ranger FG210 dan FG220 (1988–1998) mengandalkan valve governor untuk mengatur RPM idle dan mencegah mesin over-rev. Kit ini berisi valve, spring, diaphragm, dan gasket set — satu paket lengkap untuk memperbaiki governor system yang bermasalah. Gejala governor rusak: RPM idle tidak stabil (naik-turun sendiri), mesin susah mati saat kunci diputar ke posisi off, atau mesin mendadak over-speed tanpa pedal gas diinjak. Kondisi terakhir ini sangat berbahaya untuk mesin diesel karena bisa menyebabkan runaway engine. Bahan materialnya tahan terhadap panas mesin diesel dan tekanan oli yang terus-menerus. H07C adalah mesin diesel 6-silinder inline yang banyak dipakai di truk medium Hino Ranger — populer di armada truk tambang dan logistik di Kalimantan serta Sumatra. Berat kit-nya 0,8 kg, ringan tapi isinya sangat spesifik. Pemasangan memerlukan ketelitian karena posisi governor berdekatan dengan fuel injection pump. Setelah pasang, perlu penyesuaian idle speed dan max RPM limit menggunakan tachometer. Bagi pemilik armada Ranger FG yang mesinnya sudah berusia 25-35 tahun, kit valve governor ini termasuk part wajib stok karena suku cadang semakin langka.","kit valve governor H07C, governor Hino Ranger FG210, valve governor FG220, sparepart governor mesin diesel, kit governor Hino H07C, regulator RPM Hino Ranger, diaphragm governor diesel, gasket governor H07C, komponen fuel system Hino, governor valve kit truk"
29,Bushing Kingpin Isuzu NKR71 66,"Kingpin bushing adalah bantalan yang memungkinkan roda depan berputar saat belok. Di Isuzu NKR71, NKR66, dan Elf (1993–2010), bushing kingpin yang aus bikin roda depan punya permainan bebas (play) yang bikin setir terasa goyang dan ban aus tidak rata. Set ini berisi 4 pcs bushing dari bahan bronze alloy — bukan sembarang kuningan, tapi campuran tembaga-timah yang punya daya tahan gesek jauh lebih baik dari steel biasa. Kelebihan bronze alloy: self-lubricating artinya dia punya sedikit pelumas alami yang mengurangi gesekan bahkan saat pelumas habis. Desain oil groove di permukaan bushing memastikan distribusi oli merata ke seluruh area gesek — kalau groov-nya tidak ada, bushing cepat kering dan aus. Harga Rp60.000 untuk 4 pcs sangat ekonomis untuk perbaikan yang dampaknya besar. Tanda bushing kingpin aus: setir bergetar di kecepatan 40-60 km/jam, roda depan terlihat miring saat diparkir di permukaan rata, atau bunyi ketuk-ketuk saat melewati polisi tidur. Pemasangan memerlukan press khusus, jadi sebaiknya dikerjakan di bengkel yang punya alatnya. Untuk truk Elf yang dipakai harian, ganti bushing kingpin setiap 80.000-100.000 km menjaga kestabilan dan memperpanjang umur ban.","bushing kingpin NKR71, bushing kingpin Isuzu Elf, kingpin bushing NKR66, bantalan roda depan Isuzu, bronze bushing kingpin, sparepart kaki-kaki Elf, bushing kingpin oil groove, set 4 pcs kingpin, komponen steering Isuzu NKR, bushing bronze alloy truk"
